current_pid,cpu_percentage,duration_in_seconds
159297,0.0,0.0610
159296,0.0,0.0684
159294,0.0,0.0710
159301,0.0,0.0701
159298,0.0,0.0723
159302,0.0,0.0733
159303,0.0,0.0736
159295,0.0,0.0759
159299,0.0,0.0780
159300,0.0,0.0785
159296,0.0,0.0561
159298,0.0,0.0523
159301,0.0,0.0581
159302,0.0,0.0562
159295,0.0,0.0580
159297,0.0,0.0738
159300,0.0,0.0605
159294,0.0,0.0723
159303,0.0,0.0794
159299,0.0,0.0822
159296,0.0,0.0459
159297,0.0,0.0479
159301,0.0,0.0542
159298,0.0,0.0599
159302,0.0,0.0634
159295,0.0,0.0675
159294,0.0,0.0590
159303,0.0,0.0593
159296,0.0,0.0472
159299,0.0,0.0609
159300,0.0,0.0811
159301,0.0,0.0549
159298,0.0,0.0603
159302,0.0,0.0557
159297,0.0,0.0702
159296,0.0,0.0458
159299,0.0,0.0487
159303,0.0,0.0561
159294,0.0,0.0694
159295,0.0,0.0710
159300,0.0,0.0614
159301,0.0,0.0513
159298,0.0,0.0525
159302,0.0,0.0531
159296,0.0,0.0472
159299,0.0,0.0497
159297,0.0,0.0681
159303,0.0,0.0605
159294,0.0,0.0562
159300,0.0,0.0606
159301,0.0,0.0551
159295,0.0,0.0805
159296,0.0,0.0478
159302,0.0,0.0564
159298,0.0,0.0600
159299,0.0,0.0573
159297,0.0,0.0613
159303,0.0,0.0591
159294,0.0,0.0591
159301,0.0,0.0587
159296,0.0,0.0484
159298,0.0,0.0536
159300,0.0,0.0711
159295,0.0,0.0645
159302,0.0,0.0656
159299,0.0,0.0573
159303,0.0,0.0551
159297,0.0,0.0610
159294,0.0,0.0566
159301,0.0,0.0546
159296,0.0,0.0540
159298,0.0,0.0486
159295,0.0,0.0613
159302,0.0,0.0673
159300,0.0,0.0875
159303,0.0,0.0535
159297,0.0,0.0579
159294,0.0,0.0593
159299,0.0,0.0825
159296,0.0,0.0573
159301,0.0,0.0682
159298,0.0,0.0670
159295,0.0,0.0557
159302,0.0,0.0502
159299,0.0,0.0494
159294,0.0,0.0570
159300,0.0,0.0683
159296,0.0,0.0592
159298,0.0,0.0507
159303,0.0,0.0746
159301,0.0,0.0537
159297,0.0,0.0803
159295,0.0,0.0531
159302,0.0,0.0609
159294,0.0,0.0492
159299,0.0,0.0579
159296,0.0,0.0519
159300,0.0,0.0543
159301,0.0,0.0533
159303,0.0,0.0584
159298,0.0,0.0666
159295,0.0,0.0551
159297,0.0,0.0691
159302,0.0,0.0655
159294,0.0,0.0596
159296,0.0,0.0538
159299,0.0,0.0601
159300,0.0,0.0577
159301,0.0,0.0535
159303,0.0,0.0588
159298,0.0,0.0587
159295,0.0,0.0557
159297,0.0,0.0540
159302,0.0,0.0576
159296,0.0,0.0518
159301,0.0,0.0588
159300,0.0,0.0600
159299,0.0,0.0681
159294,0.0,0.0777
159298,0.0,0.0536
159295,0.0,0.0536
159297,0.0,0.0547
159303,0.0,0.0721
159302,0.0,0.0601
159296,0.0,0.0566
159301,0.0,0.0538
159300,0.0,0.0618
159294,0.0,0.0645
159297,0.0,0.0555
159295,0.0,0.0642
159303,0.0,0.0563
159299,0.0,0.0856
159296,0.0,0.0531
159301,0.0,0.0605
159298,0.0,0.1051
159300,0.0,0.0589
159302,0.0,0.0933
159303,0.0,0.0538
159297,0.0,0.0641
159294,0.0,0.0730
159295,0.0,0.0666
159296,0.0,0.0535
159299,0.0,0.0726
159301,0.0,0.0638
159298,0.0,0.0628
159297,0.0,0.0634
159300,0.0,0.0789
159295,0.0,0.0578
159302,0.0,0.0713
159296,0.0,0.0565
159294,0.0,0.0659
159303,0.0,0.0856
159299,0.0,0.0546
159301,0.0,0.0613
159298,0.0,0.0625
159295,0.0,0.0507
159296,0.0,0.0541
159297,0.0,0.0651
159300,0.0,0.0638
159302,0.0,0.0671
159294,0.0,0.0622
159299,0.0,0.0597
159303,0.0,0.0606
159301,0.0,0.0568
159298,0.0,0.0626
159295,0.0,0.0611
159296,0.0,0.0556
159297,0.0,0.0543
159294,0.0,0.0560
159300,0.0,0.0666
159302,0.0,0.0619
159299,0.0,0.0542
159303,0.0,0.0763
159301,0.0,0.0616
159298,0.0,0.0599
159296,0.0,0.0619
159297,0.0,0.0662
159295,0.0,0.0732
159302,0.0,0.0839
159299,0.0,0.0810
159294,0.0,0.0855
159300,0.0,0.0897
159303,0.0,0.0736
159301,0.0,0.0758
159296,0.0,0.0745
159298,0.0,0.0949
159297,0.0,0.0838
159295,0.0,0.0884
159294,0.0,0.0662
159300,0.0,0.0674
159302,0.0,0.0787
159299,0.0,0.0806
159303,0.0,0.0832
159297,0.0,0.0738
159301,0.0,0.1112
159294,0.0,0.0637
159299,0.0,0.0578
159295,0.0,0.0782
159300,0.0,0.0708
159298,0.0,0.1061
159296,0.0,0.1191
159302,0.0,0.0812
159303,0.0,0.0699
159294,0.0,0.0498
159297,0.0,0.0562
159301,0.0,0.0594
159295,0.0,0.0528
159299,0.0,0.0554
159300,0.0,0.0740
159302,0.0,0.0650
159298,0.0,0.0760
159303,0.0,0.0578
159296,0.0,0.0704
159294,0.0,0.0503
159297,0.0,0.0488
159301,0.0,0.0534
159299,0.0,0.0642
159295,0.0,0.0834
159300,0.0,0.0647
159297,0.0,0.0513
159302,0.0,0.0623
159298,0.0,0.0586
159303,0.0,0.0703
159301,0.0,0.0562
159296,0.0,0.0740
159294,0.0,0.0719
159299,0.0,0.0559
159297,0.0,0.0472
159298,0.0,0.0511
159302,0.0,0.0600
159300,0.0,0.0666
159295,0.0,0.0770
159294,0.0,0.0500
159301,0.0,0.0575
159303,0.0,0.0591
159299,0.0,0.0575
159297,0.0,0.0485
159296,0.0,0.0783
159298,0.0,0.0499
159295,0.0,0.0565
159294,0.0,0.0548
159302,0.0,0.0664
159300,0.0,0.0640
159301,0.0,0.0606
159303,0.0,0.0630
159297,0.0,0.0470
159299,0.0,0.0714
159296,0.0,0.0692
159302,0.0,0.0498
159295,0.0,0.0633
159298,0.0,0.0849
159303,0.0,0.0577
159300,0.0,0.0648
159294,0.0,0.0701
159301,0.0,0.0747
159297,0.0,0.0680
159299,0.0,0.0734
159296,0.0,0.0729
159302,0.0,0.0664
159300,0.0,0.0650
159297,0.0,0.0493
159295,0.0,0.0757
159301,0.0,0.0663
159294,0.0,0.0814
159303,0.0,0.0854
159298,0.0,0.1103
159296,0.0,0.0652
159297,0.0,0.0494
159299,0.0,0.0843
159302,0.0,0.0730
159300,0.0,0.0659
159295,0.0,0.0658
159301,0.0,0.0766
159294,0.0,0.0765
159298,0.0,0.0616
159303,0.0,0.0844
159296,0.0,0.0673
159302,0.0,0.0618
159297,0.0,0.0708
159299,0.0,0.0662
159295,0.0,0.0657
159301,0.0,0.0585
159298,0.0,0.0528
159300,0.0,0.0863
159294,0.0,0.0615
159297,0.0,0.0489
159302,0.0,0.0494
159303,0.0,0.0727
159299,0.0,0.0675
159295,0.0,0.0603
159298,0.0,0.0532
159301,0.0,0.0568
159296,0.0,0.0998
159294,0.0,0.0619
159297,0.0,0.0571
159300,0.0,0.0766
159303,0.0,0.0620
159299,0.0,0.0550
159302,0.0,0.0769
159295,0.0,0.0624
159296,0.0,0.0555
159298,0.0,0.0677
159301,0.0,0.0781
159294,0.0,0.0689
159297,0.0,0.0730
159300,0.0,0.0772
159299,0.0,0.0788
159303,0.0,0.0840
159302,0.0,0.0897
159300,0.0,0.0634
159295,0.0,0.1172
159296,0.0,0.1095
159303,0.0,0.0614
159301,0.0,0.1123
159299,0.0,0.0739
159297,0.0,0.1029
159294,0.0,0.1157
159298,0.0,0.1409
159300,0.0,0.0484
159295,0.0,0.0553
159302,0.0,0.1010
159303,0.0,0.0526
159296,0.0,0.0603
159301,0.0,0.0494
159299,0.0,0.0636
159298,0.0,0.0658
159294,0.0,0.0792
159297,0.0,0.0845
159295,0.0,0.0578
159301,0.0,0.0589
159300,0.0,0.0802
159303,0.0,0.0718
159296,0.0,0.0727
159299,0.0,0.0575
159298,0.0,0.0471
159302,0.0,0.0884
159294,0.0,0.0478
159295,0.0,0.0617
159300,0.0,0.0544
159303,0.0,0.0624
159297,0.0,0.0891
159301,0.0,0.0759
159299,0.0,0.0590
159296,0.0,0.0698
159298,0.0,0.0568
159294,0.0,0.0528
159302,0.0,0.0818
159300,0.0,0.0532
159295,0.0,0.0643
159301,0.0,0.0532
159303,0.0,0.0643
159294,0.0,0.0603
159299,0.0,0.0676
159300,0.0,0.0546
159302,0.0,0.0591
159295,0.0,0.0560
159298,0.0,0.0931
159296,0.0,0.1060
159297,0.0,0.1150
159301,0.0,0.0579
159303,0.0,0.0604
159294,0.0,0.0593
159299,0.0,0.0626
159300,0.0,0.0506
159302,0.0,0.0570
159298,0.0,0.0614
159301,0.0,0.0641
159296,0.0,0.0707
159295,0.0,0.0891
159299,0.0,0.0538
159297,0.0,0.0755
159300,0.0,0.0480
159294,0.0,0.0677
159302,0.0,0.0528
159303,0.0,0.0846
159295,0.0,0.0459
159298,0.0,0.0749
159301,0.0,0.0646
159300,0.0,0.0578
159297,0.0,0.0624
159299,0.0,0.0643
159294,0.0,0.0640
159302,0.0,0.0633
159296,0.0,0.0902
159295,0.0,0.0505
159298,0.0,0.0521
159300,0.0,0.0546
159303,0.0,0.0997
159301,0.0,0.0711
159299,0.0,0.0647
159297,0.0,0.0726
159294,0.0,0.0687
159296,0.0,0.0671
159302,0.0,0.0761
159295,0.0,0.0829
159298,0.0,0.0706
159303,0.0,0.0832
159300,0.0,0.0897
159299,0.0,0.0972
159301,0.0,0.1047
159297,0.0,0.0972
159298,0.0,0.0680
159302,0.0,0.0964
159295,0.0,0.0803
159294,0.0,0.1194
159303,0.0,0.0703
159296,0.0,0.1240
159300,0.0,0.0778
159299,0.0,0.0653
159297,0.0,0.0666
159301,0.0,0.0793
159302,0.0,0.0602
159298,0.0,0.0618
159294,0.0,0.0626
159299,0.0,0.0500
159300,0.0,0.0598
159296,0.0,0.0718
159303,0.0,0.0743
159295,0.0,0.1014
159297,0.0,0.0584
159302,0.0,0.0529
159298,0.0,0.0688
159294,0.0,0.0557
159301,0.0,0.0790
159299,0.0,0.0571
159296,0.0,0.0500
159303,0.0,0.0625
159300,0.0,0.0785
159295,0.0,0.0681
159297,0.0,0.0668
159302,0.0,0.0662
159298,0.0,0.0611
159299,0.0,0.0514
159294,0.0,0.0753
159303,0.0,0.0529
159300,0.0,0.0557
159301,0.0,0.0932
159295,0.0,0.0509
159296,0.0,0.0873
159302,0.0,0.0559
159297,0.0,0.0611
159298,0.0,0.0721
159299,0.0,0.0758
159294,0.0,0.0761
159303,0.0,0.0700
159296,0.0,0.0535
159301,0.0,0.0631
159300,0.0,0.0714
159297,0.0,0.0571
159295,0.0,0.0714
159302,0.0,0.0730
159298,0.0,0.0593
159296,0.0,0.0531
159294,0.0,0.0620
159299,0.0,0.0723
159297,0.0,0.0528
159301,0.0,0.0578
159300,0.0,0.0598
159295,0.0,0.0529
159303,0.0,0.0945
159298,0.0,0.0648
159302,0.0,0.0776
159296,0.0,0.0543
159294,0.0,0.0573
159297,0.0,0.0547
159301,0.0,0.0558
159299,0.0,0.0723
159295,0.0,0.0651
159300,0.0,0.0713
159303,0.0,0.0495
159302,0.0,0.0508
159296,0.0,0.0678
159298,0.0,0.0834
159297,0.0,0.0946
159294,0.0,0.1018
159300,0.0,0.0763
159299,0.0,0.0913
159295,0.0,0.0891
159301,0.0,0.1103
159303,0.0,0.0996
159302,0.0,0.1108
159300,0.0,0.0530
159294,0.0,0.0614
159298,0.0,0.0962
159299,0.0,0.0564
159297,0.0,0.0660
159295,0.0,0.0577
159301,0.0,0.0537
159296,0.0,0.1229
159303,0.0,0.0759
159302,0.0,0.0605
159294,0.0,0.0467
159300,0.0,0.0542
159298,0.0,0.0598
159301,0.0,0.0538
159295,0.0,0.0595
159299,0.0,0.0732
159297,0.0,0.0731
159296,0.0,0.0530
159303,0.0,0.0397
